#path	mtime
"/group/nu/ninja/work/otani/FROST_beamdata/e71c/rootfile_aftercalib/run00016_10000_19999_lightyield.root"	1764923980
"/group/nu/ninja/work/otani/FROST_beamdata/e71c/rootfile_aftercalib/run00003_20000_29999_lightyield.root"	1764668912
"/group/nu/ninja/work/otani/FROST_beamdata/e71c/rootfile_aftercalib/run00003_130000_139999_lightyield.root"	1764669399
"/group/nu/ninja/work/otani/FROST_beamdata/e71c/rootfile_aftercalib/run00005_20000_29999_lightyield.root"	1764670027
"/group/nu/ninja/work/otani/FROST_beamdata/e71c/rootfile_aftercalib/run00004_50000_59999_lightyield.root"	1764669753
"/group/nu/ninja/work/otani/FROST_beamdata/e71c/rootfile_aftercalib/run00005_50000_59999_lightyield.root"	1764670184
"/group/nu/ninja/work/otani/FROST_beamdata/e71c/rootfile_aftercalib/run00003_100000_109999_lightyield.root"	1764669240
"/group/nu/ninja/work/otani/FROST_beamdata/e71c/rootfile_aftercalib/run00015_20000_29999_lightyield.root"	1764804559
"/group/nu/ninja/work/otani/FROST_beamdata/e71c/rootfile_aftercalib/run00009_0_9999_lightyield.root"	1764670676
"/group/nu/ninja/work/otani/FROST_beamdata/e71c/rootfile_aftercalib/run00003_120000_129999_lightyield.root"	1764669366
"/group/nu/ninja/work/otani/FROST_beamdata/e71c/rootfile_aftercalib/run00003_50000_59999_lightyield.root"	1764669013
"/group/nu/ninja/work/otani/FROST_beamdata/e71c/rootfile_aftercalib/run00005_30000_39999_lightyield.root"	1764670059
"/group/nu/ninja/work/otani/FROST_beamdata/e71c/rootfile_aftercalib/run00009_100000_109999_lightyield.root"	1764671139
"/group/nu/ninja/work/otani/FROST_beamdata/e71c/rootfile_aftercalib/run00015_40000_49999_lightyield.root"	1764831749
"/group/nu/ninja/work/otani/FROST_beamdata/e71c/rootfile_aftercalib/run00004_0_9999_lightyield.root"	1764669528
"/group/nu/ninja/work/otani/FROST_beamdata/e71c/rootfile_aftercalib/run00015_60000_69999_lightyield.root"	1764877488
"/group/nu/ninja/work/otani/FROST_beamdata/e71c/rootfile_aftercalib/run00005_0_9999_lightyield.root"	1764669900
"/group/nu/ninja/work/otani/FROST_beamdata/e71c/rootfile_aftercalib/run00006_0_5612_lightyield.root"	1764670377
"/group/nu/ninja/work/otani/FROST_beamdata/e71c/rootfile_aftercalib/run00003_0_9999_lightyield.root"	1764668784
"/group/nu/ninja/work/otani/FROST_beamdata/e71c/rootfile_aftercalib/run00003_60000_69999_lightyield.root"	1764669106
"/group/nu/ninja/work/otani/FROST_beamdata/e71c/rootfile_aftercalib/run00003_110000_119999_lightyield.root"	1764669333
"/group/nu/ninja/work/otani/FROST_beamdata/e71c/rootfile_aftercalib/run00003_150000_150810_lightyield.root"	1764669435
"/group/nu/ninja/work/otani/FROST_beamdata/e71c/rootfile_aftercalib/run00015_50000_59999_lightyield.root"	1764856749
"/group/nu/ninja/work/otani/FROST_beamdata/e71c/rootfile_aftercalib/run00004_70000_76525_lightyield.root"	1764669867
"/group/nu/ninja/work/otani/FROST_beamdata/e71c/rootfile_aftercalib/run00004_40000_49999_lightyield.root"	1764669720
"/group/nu/ninja/work/otani/FROST_beamdata/e71c/rootfile_aftercalib/run00015_30000_39999_lightyield.root"	1764817790
"/group/nu/ninja/work/otani/FROST_beamdata/e71c/rootfile_aftercalib/run00009_70000_79999_lightyield.root"	1764671018
"/group/nu/ninja/work/otani/FROST_beamdata/e71c/rootfile_aftercalib/run00015_10000_19999_lightyield.root"	1764790539
"/group/nu/ninja/work/otani/FROST_beamdata/e71c/rootfile_aftercalib/run00008_0_9333_lightyield.root"	1764670576
"/group/nu/ninja/work/otani/FROST_beamdata/e71c/rootfile_aftercalib/run00005_70000_75853_lightyield.root"	1764670296
"/group/nu/ninja/work/otani/FROST_beamdata/e71c/rootfile_aftercalib/run00012_30000_39999_lightyield.root"	1764721610
"/group/nu/ninja/work/otani/FROST_beamdata/e71c/rootfile_aftercalib/run00009_50000_59999_lightyield.root"	1764670938
"/group/nu/ninja/work/otani/FROST_beamdata/e71c/rootfile_aftercalib/run00004_30000_39999_lightyield.root"	1764669627
"/group/nu/ninja/work/otani/FROST_beamdata/e71c/rootfile_aftercalib/run00005_60000_69999_lightyield.root"	1764670277
"/group/nu/ninja/work/otani/FROST_beamdata/e71c/rootfile_aftercalib/run00016_0_9999_lightyield.root"	1764906780
"/group/nu/ninja/work/otani/FROST_beamdata/e71c/rootfile_aftercalib/run00009_60000_69999_lightyield.root"	1764670978
"/group/nu/ninja/work/otani/FROST_beamdata/e71c/rootfile_aftercalib/run00012_0_9999_lightyield.root"	1764679969
"/group/nu/ninja/work/otani/FROST_beamdata/e71c/rootfile_aftercalib/run00009_20000_29999_lightyield.root"	1764670757
"/group/nu/ninja/work/otani/FROST_beamdata/e71c/rootfile_aftercalib/run00004_60000_69999_lightyield.root"	1764669786
"/group/nu/ninja/work/otani/FROST_beamdata/e71c/rootfile_aftercalib/run00003_70000_79999_lightyield.root"	1764669139
"/group/nu/ninja/work/otani/FROST_beamdata/e71c/rootfile_aftercalib/run00012_10000_19999_lightyield.root"	1764694110
"/group/nu/ninja/work/otani/FROST_beamdata/e71c/rootfile_aftercalib/run00003_90000_99999_lightyield.root"	1764669206
"/group/nu/ninja/work/otani/FROST_beamdata/e71c/rootfile_aftercalib/run00007_20000_27304_lightyield.root"	1764670539
"/group/nu/ninja/work/otani/FROST_beamdata/e71c/rootfile_aftercalib/run00005_40000_49999_lightyield.root"	1764670152
"/group/nu/ninja/work/otani/FROST_beamdata/e71c/rootfile_aftercalib/run00009_10000_19999_lightyield.root"	1764670716
"/group/nu/ninja/work/otani/FROST_beamdata/e71c/rootfile_aftercalib/run00007_0_9999_lightyield.root"	1764670414
"/group/nu/ninja/work/otani/FROST_beamdata/e71c/rootfile_aftercalib/run00009_30000_39999_lightyield.root"	1764670798
"/group/nu/ninja/work/otani/FROST_beamdata/e71c/rootfile_aftercalib/run00005_10000_19999_lightyield.root"	1764669932
"/group/nu/ninja/work/otani/FROST_beamdata/e71c/rootfile_aftercalib/run00004_10000_19999_lightyield.root"	1764669561
"/group/nu/ninja/work/otani/FROST_beamdata/e71c/rootfile_aftercalib/run00003_80000_89999_lightyield.root"	1764669173
"/group/nu/ninja/work/otani/FROST_beamdata/e71c/rootfile_aftercalib/run00003_10000_19999_lightyield.root"	1764668818
"/group/nu/ninja/work/otani/FROST_beamdata/e71c/rootfile_aftercalib/run00015_70000_78285_lightyield.root"	1764892760
"/group/nu/ninja/work/otani/FROST_beamdata/e71c/rootfile_aftercalib/run00012_20000_29999_lightyield.root"	1764708071
"/group/nu/ninja/work/otani/FROST_beamdata/e71c/rootfile_aftercalib/run00009_40000_49999_lightyield.root"	1764670838
"/group/nu/ninja/work/otani/FROST_beamdata/e71c/rootfile_aftercalib/run00003_30000_39999_lightyield.root"	1764668946
"/group/nu/ninja/work/otani/FROST_beamdata/e71c/rootfile_aftercalib/run00012_40000_44736_lightyield.root"	1764752232
"/group/nu/ninja/work/otani/FROST_beamdata/e71c/rootfile_aftercalib/run00009_90000_99999_lightyield.root"	1764671099
"/group/nu/ninja/work/otani/FROST_beamdata/e71c/rootfile_aftercalib/run00007_10000_19999_lightyield.root"	1764670511
"/group/nu/ninja/work/otani/FROST_beamdata/e71c/rootfile_aftercalib/run00004_20000_29999_lightyield.root"	1764669594
"/group/nu/ninja/work/otani/FROST_beamdata/e71c/rootfile_aftercalib/run00003_140000_149999_lightyield.root"	1764669433
"/group/nu/ninja/work/otani/FROST_beamdata/e71c/rootfile_aftercalib/run00009_80000_89999_lightyield.root"	1764671059
"/group/nu/ninja/work/otani/FROST_beamdata/e71c/rootfile_aftercalib/run00010_0_5712_lightyield.root"	1764671170
"/group/nu/ninja/work/otani/FROST_beamdata/e71c/rootfile_aftercalib/run00015_0_9999_lightyield.root"	1764775498
"/group/nu/ninja/work/otani/FROST_beamdata/e71c/rootfile_aftercalib/run00003_40000_49999_lightyield.root"	1764668979
"/group/nu/ninja/work/otani/FROST_beamdata/e71c/rootfile_aftercalib/run00009_110000_112075_lightyield.root"	1764671147
